{"cameraMode":{"drawMode":0,"name":"Shaded","section":"Shading Mode"},"sceneLighting":true,"audioPlay":false,"sceneViewState":{"showFog":true,"showMaterialUpdate":true,"showSkybox":true,"showFlares":true,"showImageEffects":true,"showParticleSystems":true},"in2DMode":false,"pivot":{"x":2.099510431289673,"y":-22.100971221923829,"z":14.28525161743164},"rotation":{"x":-0.4316946864128113,"y":0.010290625505149365,"z":-0.004923109896481037,"w":-0.9019568562507629},"size":21.722570419311525,"orthographic":false}